run_utc,kind,duration_s,calls_geckoterminal,calls_dexscreener,calls_rpc,new_pools,tokens_seen,tracked,new_passers,new_controls,random_seed,stopped,errors
2026-10-05T10:23:09Z,snapshot,309,12,9,72,76,120,50,3,1,1791200452,rpc: HTTP 429 x3 in a row,checks: stopped (rpc: HTTP 429 x3 in a row)
2026-10-05T10:29:32Z,discover,43,2,5,21,24,23,54,0,0,,,
2026-10-05T19:23:57Z,snapshot,60,6,8,0,39,52,70,0,0,1791232900,,
2026-10-06T00:55:58Z,snapshot,60,6,10,0,39,47,94,0,0,1791252821,,
2026-10-06T07:14:01Z,snapshot,60,6,10,0,39,47,102,0,0,1791275504,,
2026-10-06T08:04:59Z,discover,125,11,10,0,158,153,140,0,0,,,geckoterminal new_pools: 401 Client Error: Unauthorized for url: https://api.geckoterminal.com/api/v2/networks/robinhood/new_pools?page=11&include=base_token%2Cquote_token%2Cdex
2026-10-06T09:37:17Z,discover,126,11,12,0,176,157,199,0,0,,discovery gap: pools launched 2026-10-06T07:54:52Z to 2026-10-06T08:46:40Z were past the page limit,geckoterminal new_pools: 401 Client Error: Unauthorized for url: https://api.geckoterminal.com/api/v2/networks/robinhood/new_pools?page=11&include=base_token%2Cquote_token%2Cdex
2026-10-06T10:37:19Z,discover,127,11,14,0,188,177,254,0,0,,discovery gap: pools launched 2026-10-06T09:33:51Z to 2026-10-06T09:35:44Z were past the page limit,geckoterminal new_pools: 401 Client Error: Unauthorized for url: https://api.geckoterminal.com/api/v2/networks/robinhood/new_pools?page=11&include=base_token%2Cquote_token%2Cdex
2026-10-06T11:37:54Z,snapshot,168,15,32,0,187,182,289,0,0,1791291337,discovery gap: pools launched 2026-10-06T10:34:18Z to 2026-10-06T10:49:56Z were past the page limit,geckoterminal new_pools: 401 Client Error: Unauthorized for url: https://api.geckoterminal.com/api/v2/networks/robinhood/new_pools?page=11&include=base_token%2Cquote_token%2Cdex
2026-10-06T12:37:18Z,discover,131,11,23,0,187,181,345,0,0,,discovery gap: pools launched 2026-10-06T11:34:31Z to 2026-10-06T11:47:49Z were past the page limit,geckoterminal new_pools: 401 Client Error: Unauthorized for url: https://api.geckoterminal.com/api/v2/networks/robinhood/new_pools?page=11&include=base_token%2Cquote_token%2Cdex
2026-10-06T13:37:18Z,discover,130,11,20,0,192,22,350,0,0,,discovery gap: pools launched 2026-10-06T12:36:41Z to 2026-10-06T13:30:26Z were past the page limit,geckoterminal new_pools: 401 Client Error: Unauthorized for url: https://api.geckoterminal.com/api/v2/networks/robinhood/new_pools?page=11&include=base_token%2Cquote_token%2Cdex
2026-10-06T14:37:20Z,discover,133,11,27,0,190,188,389,0,0,,discovery gap: pools launched 2026-10-06T13:36:11Z to 2026-10-06T14:04:26Z were past the page limit,geckoterminal new_pools: 401 Client Error: Unauthorized for url: https://api.geckoterminal.com/api/v2/networks/robinhood/new_pools?page=11&include=base_token%2Cquote_token%2Cdex
2026-10-06T15:25:24Z,snapshot,211,17,41,0,187,62,388,0,0,1791304987,discovery gap: pools launched 2026-10-06T14:36:51Z to 2026-10-06T15:12:27Z were past the page limit,geckoterminal new_pools: 401 Client Error: Unauthorized for url: https://api.geckoterminal.com/api/v2/networks/robinhood/new_pools?page=11&include=base_token%2Cquote_token%2Cdex
2026-10-06T16:37:19Z,discover,136,11,32,0,191,185,429,0,0,,discovery gap: pools launched 2026-10-06T15:23:33Z to 2026-10-06T16:03:37Z were past the page limit,geckoterminal new_pools: 401 Client Error: Unauthorized for url: https://api.geckoterminal.com/api/v2/networks/robinhood/new_pools?page=11&include=base_token%2Cquote_token%2Cdex
2026-10-06T17:37:19Z,discover,137,11,35,0,190,187,471,0,0,,discovery gap: pools launched 2026-10-06T16:35:23Z to 2026-10-06T17:02:15Z were past the page limit,geckoterminal new_pools: 401 Client Error: Unauthorized for url: https://api.geckoterminal.com/api/v2/networks/robinhood/new_pools?page=11&include=base_token%2Cquote_token%2Cdex
2026-10-06T18:37:20Z,discover,140,11,39,0,198,193,511,0,0,,discovery gap: pools launched 2026-10-06T17:36:26Z to 2026-10-06T18:06:59Z were past the page limit,geckoterminal new_pools: 401 Client Error: Unauthorized for url: https://api.geckoterminal.com/api/v2/networks/robinhood/new_pools?page=11&include=base_token%2Cquote_token%2Cdex
2026-10-06T19:37:18Z,snapshot,176,15,59,0,196,122,504,0,0,1791320101,discovery gap: pools launched 2026-10-06T18:33:29Z to 2026-10-06T19:08:53Z were past the page limit,geckoterminal new_pools: 401 Client Error: Unauthorized for url: https://api.geckoterminal.com/api/v2/networks/robinhood/new_pools?page=11&include=base_token%2Cquote_token%2Cdex
2026-10-06T20:32:00Z,discover,172,12,44,0,184,174,547,0,0,,discovery gap: pools launched 2026-10-06T19:33:30Z to 2026-10-06T19:46:07Z were past the page limit,geckoterminal new_pools: 401 Client Error: Unauthorized for url: https://api.geckoterminal.com/api/v2/networks/robinhood/new_pools?page=11&include=base_token%2Cquote_token%2Cdex
2026-10-06T21:37:16Z,discover,143,11,47,0,174,153,582,0,0,,discovery gap: pools launched 2026-10-06T20:27:31Z to 2026-10-06T21:02:04Z were past the page limit,geckoterminal new_pools: 401 Client Error: Unauthorized for url: https://api.geckoterminal.com/api/v2/networks/robinhood/new_pools?page=11&include=base_token%2Cquote_token%2Cdex
2026-10-06T22:37:19Z,discover,145,11,50,0,188,172,624,0,0,,discovery gap: pools launched 2026-10-06T21:35:40Z to 2026-10-06T21:48:07Z were past the page limit,geckoterminal new_pools: 401 Client Error: Unauthorized for url: https://api.geckoterminal.com/api/v2/networks/robinhood/new_pools?page=11&include=base_token%2Cquote_token%2Cdex
2026-10-06T23:37:17Z,snapshot,183,15,75,0,174,154,643,0,0,1791334500,,
2026-10-07T00:37:19Z,discover,148,11,56,0,189,173,695,0,0,,discovery gap: pools launched 2026-10-06T23:34:54Z to 2026-10-06T23:36:45Z were past the page limit,geckoterminal new_pools: 401 Client Error: Unauthorized for url: https://api.geckoterminal.com/api/v2/networks/robinhood/new_pools?page=11&include=base_token%2Cquote_token%2Cdex
2026-10-07T01:37:18Z,discover,113,8,57,0,138,129,735,0,0,,,
2026-10-07T02:37:19Z,discover,100,7,57,0,114,104,775,0,0,,,
2026-10-07T03:37:15Z,snapshot,242,14,89,45,96,89,787,1,1,1791348898,,
2026-10-07T04:37:19Z,discover,114,8,60,0,139,124,838,0,0,,,
2026-10-07T05:37:16Z,discover,90,6,61,0,117,108,882,0,0,,,
2026-10-07T06:23:53Z,discover,91,6,62,0,113,103,912,0,0,,,
2026-10-07T07:37:17Z,snapshot,194,15,99,0,149,144,943,0,0,1791363300,,
2026-10-07T08:37:17Z,discover,93,6,67,0,101,96,976,0,0,,,
2026-10-07T09:37:16Z,discover,131,9,70,0,173,161,1037,0,0,,,
2026-10-07T10:37:17Z,discover,131,9,71,0,163,159,1080,0,0,,,
2026-10-07T11:37:20Z,snapshot,251,19,117,0,197,191,1125,0,0,1791377703,discovery gap: pools launched 2026-10-07T10:30:03Z to 2026-10-07T10:34:10Z were past the page limit,geckoterminal new_pools: 401 Client Error: Unauthorized for url: https://api.geckoterminal.com/api/v2/networks/robinhood/new_pools?page=11&include=base_token%2Cquote_token%2Cdex
2026-10-07T12:37:18Z,discover,160,11,80,0,194,187,1179,0,0,,discovery gap: pools launched 2026-10-07T11:35:55Z to 2026-10-07T11:47:04Z were past the page limit,geckoterminal new_pools: 401 Client Error: Unauthorized for url: https://api.geckoterminal.com/api/v2/networks/robinhood/new_pools?page=11&include=base_token%2Cquote_token%2Cdex
2026-10-07T13:37:19Z,discover,160,11,81,0,189,172,1239,0,0,,discovery gap: pools launched 2026-10-07T12:34:58Z to 2026-10-07T13:01:17Z were past the page limit,geckoterminal new_pools: 401 Client Error: Unauthorized for url: https://api.geckoterminal.com/api/v2/networks/robinhood/new_pools?page=11&include=base_token%2Cquote_token%2Cdex
2026-10-07T14:37:19Z,discover,162,11,84,0,183,176,1289,0,0,,discovery gap: pools launched 2026-10-07T13:36:03Z to 2026-10-07T13:54:15Z were past the page limit,geckoterminal new_pools: 401 Client Error: Unauthorized for url: https://api.geckoterminal.com/api/v2/networks/robinhood/new_pools?page=11&include=base_token%2Cquote_token%2Cdex
2026-10-07T15:00:50Z,discover,114,7,85,0,129,119,1320,0,0,,,
2026-10-07T15:37:25Z,snapshot,227,16,141,0,187,176,1324,0,0,1791392108,,
2026-10-07T16:37:17Z,discover,153,10,91,0,184,44,1335,0,0,,discovery gap: pools launched 2026-10-07T15:35:19Z to 2026-10-07T16:25:45Z were past the page limit,
2026-10-07T17:37:16Z,discover,115,10,13,0,182,179,1384,0,0,,discovery gap: pools launched 2026-10-07T16:34:04Z to 2026-10-07T16:58:23Z were past the page limit,
2026-10-07T18:37:17Z,discover,113,10,11,0,191,190,1438,0,0,,discovery gap: pools launched 2026-10-07T17:35:10Z to 2026-10-07T17:57:26Z were past the page limit,
2026-10-07T19:37:18Z,snapshot,246,13,73,31,191,189,1323,1,1,1791406501,discovery gap: pools launched 2026-10-07T18:32:49Z to 2026-10-07T18:53:39Z were past the page limit,
2026-10-07T20:34:04Z,discover,118,10,19,0,191,181,1323,0,0,,discovery gap: pools launched 2026-10-07T19:36:31Z to 2026-10-07T19:51:35Z were past the page limit,
2026-10-07T21:37:18Z,discover,118,10,21,0,188,223,1399,0,0,,discovery gap: pools launched 2026-10-07T20:30:56Z to 2026-10-07T20:53:06Z were past the page limit,
2026-10-07T22:37:18Z,discover,113,10,10,0,174,94,1427,0,0,,discovery gap: pools launched 2026-10-07T21:34:51Z to 2026-10-07T22:07:48Z were past the page limit,
2026-10-07T23:37:17Z,snapshot,195,16,65,0,182,165,1357,0,0,1791420900,discovery gap: pools launched 2026-10-07T22:33:38Z to 2026-10-07T22:48:13Z were past the page limit,
2026-10-08T00:23:27Z,discover,115,10,14,0,186,161,1393,0,0,,,
2026-10-08T01:37:52Z,discover,115,10,15,0,178,168,1436,0,0,,discovery gap: pools launched 2026-10-08T00:21:36Z to 2026-10-08T00:50:20Z were past the page limit,
