wallet,n_tokens,tokens
0x002a26d37406d8f0b7bb83a6a125ca1f26cd5f5d,2,ORBIO PONS
0x0082a884c553cf87a26ddca42283f7397ccfd3e1,2,ORBIO PONS
0x016837d5badcee5a1109d654c68be41f2150d57c,2,ORBIO PONS
0x01a218ac4383ce253a6501ec66cd2de4073fd07b,2,ORBIO PONS
0x0259d5566ab179f8d29d41da4ae93be08ed5bb63,2,PONS HOOKR
0x029c9e353b8cc4f39d7335346d2961aa863c15ba,2,PONS HOOKR
0x03a025afad1e656b9df32f2620717875a48e6b1a,2,PONS HOOKR
0x03b2355b40a5857e84cc2991ce4f1648aacee1db,2,PONS HOOKR
0x041a342330c3f489ca9d12a7bad58e5eaa414d2e,2,ORBIO PONS
0x05783022615f76de7e887aed81307ae39206aa95,2,ORBIO HOOKR
0x0625fafe2bb894b8526d0db49e458d2d19bc2741,2,ORBIO PONS
0x08a66697068112b40e1f87fa349dee2e2f7810c8,2,ORBIO PONS
0x08a791db7805a6655de229c475d42864c56f9d2b,2,PONS HOOKR
0x09a86b384cb3aec6e5fc82262d538be208d0c312,2,PONS HOOKR
0x0ace1dbe8aab293cd58d5e3ea38814f0ccb74782,2,PONS HOOKR
0x0b0c2edd9bcd29d5083134b7ef632e8c8f36b4c3,2,ORBIO PONS
0x0b854b7bb40c48a77e2e5f1b21ffd6b45b6335a4,2,PONS HOOKR
0x0ca5a5a71b7e6638ad9ddcb2bffb8a657ca37b4a,2,PONS HOOKR
0x0d5263094cedfd5640ac91a498f325193fd5e742,3,ORBIO PONS HOOKR
0x0e5fdbf365b405f79cc96bb21463e4d0a0000899,2,PONS HOOKR
0x0fa4448b1b6db738c6486df643293d73ee241909,2,PONS HOOKR
0x1023f112d011ebf6f86cb9f35c92281650afd2dc,2,PONS HOOKR
0x1084d45ef3a4fe8a96e986a3ddaf027b37088703,2,ORBIO PONS
0x1220b6745623b84358a0b59475f241df8586835d,2,ORBIO HOOKR
0x1237edf85523d85a6fc5a6daced5c92737059f42,2,PONS HOOKR
0x128a2f8f2ab84adbf7777de0542f8af7fede2529,2,PONS HOOKR
0x12a7abd856094faa6e800134f7966b2924c3ba0d,2,PONS HOOKR
0x134f500a77e6855ef3d0222b620c44a923af5c5c,2,ORBIO PONS
0x14078a75f65dc072fe76960aa2769157e443b1d1,2,ORBIO PONS
0x142f855c98564630197f6421a24eff3e0f2dabad,2,PONS HOOKR
0x1440131e016f7f0dd53e63fc2a57a396c34bcf4d,2,PONS HOOKR
0x147cf09e7373b8fda6f12021f1b0f98d6da1a566,3,ORBIO PONS HOOKR
0x14ac03470bdd3df117e0ac79918d3047da2719cb,2,PONS HOOKR
0x14bc306d0461411bb16ae35edec8c8e95e58c460,2,PONS HOOKR
0x1541ddf878de3b5b3b88e003fba30efc426651d0,2,ORBIO HOOKR
0x16354ec44309c0ebd0530883cb96674ff267695d,2,ORBIO HOOKR
0x173b484556fba0b088bce92709f98bf0986ad033,2,PONS HOOKR
0x1982d924564edc7b6d3c31ab640be2ceffc88e9a,2,PONS HOOKR
0x19a36138f4da7b57791170e922ff7e26507580a8,2,ORBIO PONS
0x19aa0056c226f2df3c5b7a5dc509dfb55d8dcb06,2,PONS HOOKR
0x1c4e90fc8bdade442aed58f8011db5a17a2e7199,2,PONS HOOKR
0x1c66e28620db86524b00ce4c620394c956d29ae2,2,ORBIO PONS
0x1c7815594149b2ced0745748615f5229dd5337b5,2,ORBIO PONS
0x1d7a29e2b3d9c1637b0fc422425e8c590d28c84e,2,ORBIO PONS
0x1d83d301c659963c8750597adf95ff6b85f56986,2,ORBIO PONS
0x1db3c47997df9dcf9361c99fd95ca6a2c229bf10,2,PONS HOOKR
0x1df031380a30a635e1dc630431f65a597c026394,3,ORBIO PONS HOOKR
0x1e3cf5f8b34d475b14c04ea6b8c34174a561f02e,2,ORBIO PONS
0x1ea87df0f0c5906577a1d9c185d7023f9f7f4479,2,PONS HOOKR
0x1f3cc123f5c83c34ee68b9bd7b13039a73d3e937,2,PONS HOOKR
0x201b4027c66db7999cbb392936b86f7a83858c3f,2,ORBIO PONS
0x2060e01e454ec2f6d29c9058be2ae02b1937a209,2,PONS HOOKR
0x211c92987e55f7937ba73ca19f92ffeccc7675c5,2,PONS HOOKR
0x214a758d3cb81a194e89ce456bd0f5edef7e0b30,2,PONS HOOKR
0x22669afc9c5c2149768c236cd10a8ab47f2774f3,2,PONS HOOKR
0x22f1d8e414ef3c8eb426489498eeaef2488a44f9,3,ORBIO PONS HOOKR
0x23041f2027a730c6db55482412f36aa469ca5468,2,ORBIO PONS
0x232396bfc055879bbdb755bfc720706a8ac75643,2,PONS HOOKR
0x234739406cf4db05545b6f7b846fc6712f4d293b,2,PONS HOOKR
0x23805c96b6a53073c28528f2bd41f9668a22cafe,2,PONS HOOKR
0x23f0b3d18d1d2dee1263f336ad745329e844ea61,2,PONS HOOKR
0x2506ecc7c776f5a5d488fea0d37f1dcb9dd255e0,2,PONS HOOKR
0x255d667473dd558e7a98cb4737408ab86a285244,2,PONS HOOKR
0x25c9a7160421b6d0f7113c9cea0d36576d86805b,2,PONS HOOKR
0x25eedc5d5dc5bb6ed6e3678c3e6775f9e2df6239,2,ORBIO HOOKR
0x261430c5c2a2f51bb57100339fd79b4f09b3f6ed,2,ORBIO HOOKR
0x266d3dd8f66967c9bd5a6ed37cae144bc1e93170,2,ORBIO PONS
0x26f88a04de57c9b82dfad997f6714bc7f7db99b0,2,PONS HOOKR
0x2709811df9b4bf39470c0b9021d231760ee46246,2,PONS HOOKR
0x29dcb05ad17f21ba64b2511f6bb0f52229f6dd8d,2,ORBIO PONS
0x29fb4d9063f42ea4315bded91744c338c6b26f27,2,PONS HOOKR
0x2a3bc307a8a81253dbf755298e7d563190dffd66,2,PONS HOOKR
0x2a407a15cbb71ae28ec10aad30b7f2e4ee4f3e1b,2,PONS HOOKR
0x2b0326ce60de406a3efcb681d15d181a797c6059,2,ORBIO PONS
0x2b46cde4e5e175218fdf99a9e7df39f2cbebd286,2,ORBIO PONS
0x2c6f5641f64f0d6b2d83969d69d45e60f3eb5060,2,ORBIO HOOKR
0x2c7dd897ec9713093460cad0c59f8ad960e89a55,2,PONS HOOKR
0x2cd39703f5cee16beba93d6bd7c13a3d1375f971,2,ORBIO HOOKR
0x2d11f13f12ac63d99ce91e05216ae1c5746da49f,2,PONS HOOKR
0x2db1d4a0b3857481baa28680a83d2311f25232d3,2,ORBIO HOOKR
0x2e6093ecd8689cabcb8bdea2aef86c42ee25e2f0,3,ORBIO PONS HOOKR
0x2f43f2cd03b81269585743cc809ea02db10a6ef7,2,ORBIO PONS
0x31de3edc2499398868cc73ca25812c3fffd6ec58,2,ORBIO PONS
0x324dbd8d8dd71ea0a87030aa92be508cb0c62770,2,ORBIO HOOKR
0x3260704721d5a6a5d1613e0a253cbb21383b68a8,2,PONS HOOKR
0x32a1f3b5af48eba238b13be0704e80a14cd10a22,2,ORBIO PONS
0x32efcae45a0a4fb54afb3a9ffca1eef5ebd5e0da,2,PONS HOOKR
0x32f2f4d9719a69fc1b8a046fa1a5759671accc01,2,PONS HOOKR
0x3471e3f1d6fb368ce026a959666dd1c98fa1c4e9,2,ORBIO HOOKR
0x3546441c0b0e2d43dc4e1601062f870deef9e342,2,ORBIO PONS
0x358caabfa2c1a2c7e5087c655448d4f750aafdca,2,ORBIO PONS
0x35b123e7646f5f1e2f359cd6ff26de0c0d08e8a8,2,ORBIO PONS
0x3615e7c406db00fe520a5aa29cc252828dd7a327,2,PONS HOOKR
0x36826c80d9c7a093c188d2b6fb0d15926ef3dd1a,2,ORBIO PONS
0x36a4c4768b9222eac4c6eb88363927627061b4af,2,PONS HOOKR
0x3790ec156664440c1094ad4db9021566e8c3c053,2,ORBIO PONS
0x37abdeef28b693d0054cd24c23d44ff5b6754423,2,PONS HOOKR
0x37feef5a3f2d23e4a3684dff480f20c58889051c,2,PONS HOOKR
0x39f55618003b5c0121b14ee35cc59ae51ed041fb,2,ORBIO PONS
0x3a664c54dfe28fd8baf2380c86daef2f777a5c29,2,PONS HOOKR
0x3a8e9bf9e290360f17ab77eeec892a3db362b14f,2,PONS HOOKR
0x3acf642669612f011700e09b1097494813b84972,2,PONS HOOKR
0x3de5a20a413641a1829b32dae9967244135bae3b,2,PONS HOOKR
0x3e770952a261f75ef9ee6e72b7deb73ec7a88707,2,PONS HOOKR
0x3f1567ed2d5c85236839bcd9fcfb61c0604ec793,2,ORBIO PONS
0x407886c924d127d3e99e84b55c0f5b0a11ebb904,2,ORBIO PONS
0x407cde0472b91938d6ff52fcfd6234f535365e24,2,PONS HOOKR
0x408332bfecb9a117b9f79b832aaf7d344f2295ec,2,PONS HOOKR
0x4108e8b5dbc12d28f1528008cce36cea9d7e972a,2,ORBIO PONS
0x4123ffc81579e38dfff74b75d8bdf21c41e62237,3,ORBIO PONS HOOKR
0x4194615f42b51cafbc526c59b1cfd8d42d5f2fbd,2,ORBIO HOOKR
0x41a91cc2e81b53761b8fb4931882e5620967b118,2,PONS HOOKR
0x4247c1314b83b58d5413b68ade81f6e013c91cb6,3,ORBIO PONS HOOKR
0x42aa1ac72ff608610ec506f3cccd4ac394f2705e,2,ORBIO PONS
0x4389dce44fc7fc24f7586c54dcdc65ad30eaed41,3,ORBIO PONS HOOKR
0x44342998b9cd3b45ff992875b93c61c71dcabcf2,2,PONS HOOKR
0x44a88e1843b0da9d40c42d99db067495ac2c2b5e,2,PONS HOOKR
0x44fd03ba8299bcd753b1d7913f3483c2b89f95c0,2,PONS HOOKR
0x45019aab565802e6052384b1605451e44ab7119c,2,PONS HOOKR
0x4691e246b135d658c81f4668b4a266c05ff5e7fa,2,PONS HOOKR
0x477f4eee7eb87773cd971f1c394d713323a0c868,2,PONS HOOKR
0x481fafed48b626085c39d48bc7ecf52f59b116af,2,PONS HOOKR
0x4840776c2f5042af1c14567e205583b8055222a6,2,PONS HOOKR
0x48874afb762a34af37580c78c104a961c99f025c,3,ORBIO PONS HOOKR
0x48b51287fb5281ea0913100809c3b7f1649c7996,3,ORBIO PONS HOOKR
0x4958f170028ff377a08119fe8126b09287b0627b,2,PONS HOOKR
0x4a09b2ef6eee4635555e5e32b61b2412e76644fb,2,ORBIO PONS
0x4ab2de34d44b3091ffd65261157fbd63d68bf0af,2,PONS HOOKR
0x4b7d03a6e76772999155654263df5fee941d1b1f,2,ORBIO PONS
0x4be8ad83f082a1aed6a22b9331fada9f1c24a8c4,2,ORBIO HOOKR
0x4c682e721b44c6098e1a74d7fa3df159e5e0779d,2,ORBIO PONS
0x4c876465e281decc05597c13ee5275276d491b37,2,PONS HOOKR
0x4cd6fc203da02626b6c5356bb59ce85dcf2b5a2d,2,ORBIO PONS
0x4d8b6d3723d8df7370e3d10d30fe5d4daede234a,2,ORBIO HOOKR
0x4da2430e696ca01e0e68091b4cfa595b1fd045f1,2,PONS HOOKR
0x4dc71ff069e5fce799eb20c757d64fedf5689b93,2,PONS HOOKR
0x4dfcaf70ac75fc83d09afc22045f479071a9e207,2,ORBIO PONS
0x4f8a4c2fe5230b6b87dca93b82861bdd2cfebd40,2,PONS HOOKR
0x51553d5954c791fac6268fa3bae66b9fbd032bde,2,PONS HOOKR
0x5200a1a007e790fab774bf4d49e23fc2dc64de27,2,PONS HOOKR
0x5250dbcf6ac11c4c2cbd8dcaf5a6d019f3268ea8,2,ORBIO PONS
0x533477e39fbb8cc3642369ce47099685653a0882,2,PONS HOOKR
0x53d1718c9b4df63da11ff9158d88d39087db38d7,2,ORBIO PONS
0x545322d21d3e186639a1571aab35833855db1ce2,2,ORBIO PONS
0x547dd6e4b0296446837d15776e1d9318ba20824f,2,PONS HOOKR
0x549c902c63787a66424f8422e8968481694892f3,2,ORBIO HOOKR
0x54a1d18b14a3af03ab53ae99727cc192cce4d53a,3,ORBIO PONS HOOKR
0x54c29bd3161920b0b28b8566208205941fdeca42,2,PONS HOOKR
0x567d0c236120e9cbc5bada6e290a3c09ff973557,2,PONS HOOKR
0x569f6715721fc2be71b49546657d156fa3327dc5,2,ORBIO HOOKR
0x579e5ad9c3fdced648019fc85a14a9228e5bbc46,2,ORBIO PONS
0x57cf582f7992db846af4eaa921ecf0eb2a5c1004,2,ORBIO PONS
0x583339c0e0d2530d9982732c7d2c31430b7f63f5,2,ORBIO PONS
0x58937b93dd4da466980035462a1297e1b3a29754,2,ORBIO HOOKR
0x58fbac0714a77a30b266776616d93911e36d363e,2,ORBIO PONS
0x5a9b67a77e86fde5b508a2037f46daec0e7f8da6,2,PONS HOOKR
0x5aafc1f252d544f744d17a4e734afd6efc47ede4,2,ORBIO HOOKR
0x5b58e860917da5f9d9b70050e3c0d70407b94620,2,ORBIO PONS
0x5bc56e688b3b08aff554bea6add94025e351a2c6,2,ORBIO PONS
0x5c56eb64ffda62e98b12b38f6be29cb88e1472e1,2,ORBIO HOOKR
0x5ca584ee16b66d2ea679816458f87dfd22ee522d,2,PONS HOOKR
0x5cb26af82647bbc00a82826f83c822040433dfa1,2,ORBIO HOOKR
0x5cc1d2fd015e4e27ab49b53e0291ade226f3fca1,2,PONS HOOKR
0x5cd108bdab855975139831c067556cabd335091d,2,PONS HOOKR
0x5cf9b3fc56305251f7737437c4ea9cd8bdbf8252,3,ORBIO PONS HOOKR
0x5d7af4c3a2906c0189c78854078d0ce182800c5c,3,ORBIO PONS HOOKR
0x5da88ab43e2cb07e0efb21a143b1ba885c537b40,2,ORBIO PONS
0x5de84f4ae163742778a9fbbecfab8feeb80bf193,2,PONS HOOKR
0x5e949674d8f8f0db4b20608b05f7619cbceae2e0,2,PONS HOOKR
0x5f1c5951c5b1cc112ba9e89b9467edca33063453,2,ORBIO PONS
0x601fda8aa503ceb87b028f26686808fb7b70bcdb,2,PONS HOOKR
0x608d76203ee2b20fcfedf9fa3bc8ad36c473b881,2,PONS HOOKR
0x613ed32597f9f78cf7b1b020112587c14841b6f7,2,PONS HOOKR
0x61f7dd71268f091a9fd1e69503fbec28b8d4c57e,2,PONS HOOKR
0x61fc4e803e2ac2c6d4b536e6b6abbfd86628e03d,2,ORBIO PONS
0x628cfd4222316912cb5d73794c059d7a7e87aa7f,2,ORBIO PONS
0x62b5bd7f04fe783796810b2526470dfde73daa49,2,ORBIO PONS
0x6335abb3918b1fbefbbcba1d6f6f986d7a91de1e,2,PONS HOOKR
0x63623d092e67fd2529e11dd6e74503748b00865b,2,ORBIO PONS
0x63b8e7ec88def22d932e7daa6057ff17211e14f7,2,PONS HOOKR
0x63eb8b0a71bd6a908845304bc90acc24bfdf6b12,2,PONS HOOKR
0x64e68631d893062d7ffe802ea3a68ded75bee4f0,2,PONS HOOKR
0x6553740c8f00ec87edecb969c1c979138210f9fb,2,PONS HOOKR
0x6628d47afa61304866fb084390476550bc2b2f80,2,ORBIO PONS
0x6688928b01768c92e5f6fafbcf381bee23727395,2,PONS HOOKR
0x66d092d481a1ec193ed0d0c49d74767343cb34f5,2,ORBIO PONS
0x68b48ffec961ce54f7af24a56032dec01d7dfe50,2,PONS HOOKR
0x697e09088c1ac382c59f27a51c3fa406d752b121,2,PONS HOOKR
0x6a181232f550132cfe851136f6a2a026d3b5bdbe,2,PONS HOOKR
0x6a92ef6137ac4bfb13d99d2acb39b6eeca2bad7e,2,ORBIO PONS
0x6adead5adbedd4bff3e4fd533a90aced97548502,2,ORBIO PONS
0x6b8eef6dfe0557e25b2353c77ba234fb1a83dbd5,2,PONS HOOKR
0x6bf3e77a294288e671dc20519dccf00714faafde,2,PONS HOOKR
0x6c119befbdb3997ebb34cdfb9068f3e45c48ddbd,2,PONS HOOKR
0x6cd76c292c49e3aa844c4f2d99eb8ed660776b47,2,ORBIO PONS
0x6d04a59bb8e83142128b2202e6d0da03c5f6a429,2,PONS HOOKR
0x6d103674ed3f655c38c6a95443ee90d7c7f050a8,2,PONS HOOKR
0x6d5a38c29db3c5d80e0470c2140b492b4414f77c,2,PONS HOOKR
0x6d6341bbc19b9d5e63097d491f79c0ae2afc0f2a,2,ORBIO PONS
0x6dd9ef90821ad274130c8dfa53582ab6c2a19593,2,ORBIO PONS
0x6df39ead12a99be4eac32c506d2ebfb6bf1e3023,2,ORBIO PONS
0x6e1cd86576b9c50ed7e16028e368b78aca6031f5,2,ORBIO PONS
0x6e221d9c2130b7d65974608a1bc87a955d50d55d,2,PONS HOOKR
0x6f5e2a95f8124bdb413a07d4ef1920bffa791f72,2,PONS HOOKR
0x6fc96eface376e19da466e07c8647bc386baf7aa,2,ORBIO PONS
0x6fe0e426357ce620c6fab2393985ef9a98d96329,2,PONS HOOKR
0x7033553c157f3df6efe3975045219d82834b85fa,2,PONS HOOKR
0x70d94aa3ad899b5456e8b1199049f98e2ab36a55,2,PONS HOOKR
0x70da00d844a1372d81ccb537804b3c8e43a3f57c,2,ORBIO HOOKR
0x711281c1b26aaed86e40e4caaf76c1962b45e161,2,PONS HOOKR
0x712869e688d974c0451b9d2a221f00edb5665f7e,3,ORBIO PONS HOOKR
0x7221213bd8339cbc118dffdefd9a5a51732acb87,2,PONS HOOKR
0x726396f00c909c767278b573186e0dbcddb1b8c5,2,ORBIO PONS
0x72bec9a94415eb0e208c42d5c3b966649d79dd42,2,ORBIO PONS
0x7512b725ffd3e2ee2cba385572234b99f61c580c,2,PONS HOOKR
0x76450fe69fbf5efe18e014fd19d15202d1b238d0,2,ORBIO PONS
0x7665c425b5f3a0249644024bb32a179ab2d5e0a2,2,ORBIO PONS
0x768263481c4703c22144558112d931b683492b52,2,PONS HOOKR
0x76c09f96fb244d23d9cf5f2cd5164805a4cb592e,2,ORBIO PONS
0x76c8a1c74fdc88072f4582830ddbe588388c055b,2,ORBIO HOOKR
0x76e2c9787385aaab7077b7d53b2034b75e923fdb,2,ORBIO PONS
0x7754e5aec57dd109e6e60579b6b8677fc23f2261,2,PONS HOOKR
0x775b7ada6f3f0185008ea92271deb443fcad238b,2,ORBIO PONS
0x7799b07fff06bd65291a4bbb294e82a8f96a1fdb,2,ORBIO PONS
0x77b66c6f4c26056c0fe2604c45c465b13739e3da,2,ORBIO PONS
0x78eec63e46821810ab358c89427a660c0bc2e5eb,3,ORBIO PONS HOOKR
0x793ac83b35aa02a36a16a34f38fd80d4e2b97a6e,2,PONS HOOKR
0x79b9f1b9d2714569e5a2ef771cc003fd9b666008,2,PONS HOOKR
0x79e4c520e5b65af87c1c08ac4d393935e6776f65,2,PONS HOOKR
0x79fd65f252656d0f511e712e269415c09d269c85,2,ORBIO HOOKR
0x7b43205f483d70013ca484a04a1ad169cc975666,2,PONS HOOKR
0x7bd264a9737c2ded626c5ea39d761c9b86c4b2e0,2,PONS HOOKR
0x7ca2d5fa2c6b3e01294a74e353c89141837ad784,2,PONS HOOKR
0x7d860ee5d48feccf3115f50810cf3758c72e5fd4,2,PONS HOOKR
0x7d9734a9f2dced9d002adcd52e502af10937c6a9,2,PONS HOOKR
0x7e77483e6f19299f119bd28b48a556d00130d7d4,2,ORBIO HOOKR
0x7ef77b24fa321140281daa93ab35434ccc0f2157,2,PONS HOOKR
0x7fe544a3a7ff7ba2b203ff05e55e80aafe49cf3d,2,ORBIO PONS
0x7ff04a27b4a9b6ca1be11f4477c2744c933acc4a,2,ORBIO PONS
0x8220f8b9184c3c6e62740801d77928d468393a04,2,PONS HOOKR
0x82dd04672bcd6d29e28e7db562a3d17f77c504b5,2,ORBIO PONS
0x830056321a8dcc67fdabbce0fd2a02fa9874de20,2,PONS HOOKR
0x845460de821527bf18d53dda2c262da0bc4839b9,2,ORBIO PONS
0x84dc5bd4fd241ca5b3d1a5bb71f15ddc2d4a8d0c,2,ORBIO PONS
0x8506e43d89d80bb24d678f67f9e063444b8ab536,2,ORBIO PONS
0x85a0adddafdf864eedec61f2593c2d03b0cf5acd,2,PONS HOOKR
0x85b605b47a5323912615cb8af834bb1c4716b794,2,ORBIO PONS
0x8607473db14c1a45c6ba0d148e28920d81f82cea,2,PONS HOOKR
0x863e90396dd9030eb1295b9d4c46f6915abe1b52,2,PONS HOOKR
0x8661daf58da384a42dce80fb6918679e2064f6ea,2,ORBIO PONS
0x86b1908540b424cdd0005a76e882e41deb7f2894,2,PONS HOOKR
0x86d99844bdd99ef7485dad23b8a91d7cd5167d95,2,ORBIO PONS
0x86de615c13d70db0363dfc796ff260bad85069f6,2,ORBIO PONS
0x86e79df64e8d809bc0d2f9e7e0f8f50c9bd9c6bb,2,ORBIO PONS
0x88411e019a0882e6c06bc44ef35bf99572b1a297,2,ORBIO PONS
0x8946defee95e7cd667d21a0b2cfb219779d4dfce,2,PONS HOOKR
0x897d7bccff0b76ab58087b53d44d070fad4eedd0,2,PONS HOOKR
0x89b74d70bb90c019f36debb3282d48a3030b1a34,2,ORBIO PONS
0x8a4d7285506eda4c319cd4de0a18857b89aff579,2,PONS HOOKR
0x8ac71f937ede0e4dd49853d194b576cc5f3634ad,2,PONS HOOKR
0x8ad5a6fded8cd88ad3bb6bb500c0882015051376,2,PONS HOOKR
0x8b1fb4937bab5d02248a0825bf2564863237b00f,2,ORBIO HOOKR
0x8c2a97c08b4d6ebea439c79bd4cf716cd6ac797f,2,PONS HOOKR
0x8d04233c367c00eff35523566e0bdfa589239044,2,ORBIO PONS
0x8d1fbd4054205e2c6b9b7cc86fdb41087a6e4ed8,2,PONS HOOKR
0x8df475869399ff11db8e6f99920bfccb28592dff,2,PONS HOOKR
0x8f1c86a4b67dd67a46737e3540708be22934974b,2,PONS HOOKR
0x8f790548a958f5ce773295adf33b46b52f16d7ba,2,PONS HOOKR
0x8f8199bdcfab23245e0ab5c60fc677c3884de3af,2,PONS HOOKR
0x9015cfe99fee5a2f5a01c2c6b89393bb166d6dbb,2,ORBIO HOOKR
0x90830a6447a38eee038e3b1e5c7bdf9d6807a387,2,PONS HOOKR
0x910dedbff58c4d39967bff0f9e89b1a3a2518f93,2,PONS HOOKR
0x916d630c90cd49edaf91efdb88f0c36529c61000,2,ORBIO HOOKR
0x91d2918f5fa833d235f33a2d8caeb953c8c0d554,2,PONS HOOKR
0x9215825ea76b9b2b25922114d51ea92d1916bd89,2,PONS HOOKR
0x922fc2dcf96e7724fa4c23f045ee98d98d251c5a,2,ORBIO PONS
0x92c8996948fe4604da66d17460691189f1456f4f,2,ORBIO PONS
0x92daee13d6a20951353627587228bd284805cbff,2,PONS HOOKR
0x930af2576a5f5859e32ea67a77aae55c61befd39,2,PONS HOOKR
0x939136d4d4660774f447ca2845fba68ee6415d75,2,ORBIO PONS
0x944ff9584ffa0d8755ed5e2d345b1ecfbea5e86a,2,ORBIO PONS
0x9627cc3d60df611cb826405fc6cd739a6573476a,3,ORBIO PONS HOOKR
0x964bf6bfe2aa45d145ca4476b64294d6b390369f,2,PONS HOOKR
0x96c3f108f38be17b19cb5a90cece83426f7c6d2e,2,PONS HOOKR
0x9746ec37d186f69d3b84e762127ac08a0fd04a2a,2,PONS HOOKR
0x97988d23302452730e7951aabf1a573ec88070ec,2,PONS HOOKR
0x97d8870f51569f384838488953f6a0512404e2c2,3,ORBIO PONS HOOKR
0x97dda08917af2d459f38117d7ffd18ed535bc6be,3,ORBIO PONS HOOKR
0x97e95516bebedd31fb6744f7a4a191ad5c61f0d3,2,PONS HOOKR
0x987bbfe6c2fa4841ccd0da669998b3ef25235cff,2,PONS HOOKR
0x9895e448877473ec4c554e4585f4112429e06941,2,PONS HOOKR
0x990a62424be3f6bc5fe0839480c38aa36521fe63,2,PONS HOOKR
0x99a11c335d30b88faab5264c7e4f099a46ceb3af,2,PONS HOOKR
0x9a20b2af6f6f04d8f00a708ca8369a7c18de21e4,2,PONS HOOKR
0x9a2d5a042dfc9e1445d8b57f9ce9e09a35a8cf6f,2,ORBIO PONS
0x9ae2bd1908dbe50b744e551c20d345acb6193642,2,ORBIO HOOKR
0x9b9f19ad08293d037c3f608899dadc38844bb29c,2,PONS HOOKR
0x9ee2aaca5e2029d538d5017c11578f1dfa0556ca,2,PONS HOOKR
0x9fee83bc7fab1cdb1985410830fed73096fbde69,2,ORBIO PONS
0x9ff4f1594b124919eee05c09b6735148f00dc1f4,2,PONS HOOKR
0xa029a9cd63dafa1584cef7bf2b90249c6e137e7d,2,ORBIO PONS
0xa045409b446ce06e59ebcc8e9ab54feddd2f8122,2,PONS HOOKR
0xa08d82a0085e22b233ada314dc1f2dca7752144c,2,ORBIO PONS
0xa11450fd881f610b4d1a42bd833db609bb2381ca,2,PONS HOOKR
0xa1c88e5f1067c6170474f134a5185c6efbaac9a9,2,PONS HOOKR
0xa202cfeb13b381ca0ea73ec740a46f07e9f31934,2,ORBIO HOOKR
0xa23989d47954de579f07b3168cf81114343579eb,2,ORBIO PONS
0xa275fef6a10d5ac156121a422f0a54caa02b58b0,2,PONS HOOKR
0xa2d462005623630cc157e3b17d83c3892fcba5ff,2,PONS HOOKR
0xa2ecbe09f327818673197d230c2b8b570d8dd0a2,2,PONS HOOKR
0xa4967b9d28d997473d521e1ad463f709b3b46522,2,ORBIO PONS
0xa4d9d7068d84bbdf2e3caf1bbf2e1135bcd41984,2,ORBIO HOOKR
0xa6587d6a21a2086dd4fde6326ef72006acff0df1,2,PONS HOOKR
0xa6849a40f57c26b48069146105f7da9e024f62b6,2,PONS HOOKR
0xa76551b8a81387a5814d2a9975f61130c145636d,2,ORBIO PONS
0xa83b73f5644cde337b61da79589f10ea15548811,2,ORBIO PONS
0xa8bc99324c7d69533ae5fd2c4a9bb8a58be9e02a,2,ORBIO PONS
0xa924eb14f3ec07f1940ae4076cce9f9859044dea,2,ORBIO PONS
0xaa3b0775a852986c365c2016ec192b1477af2898,2,PONS HOOKR
0xaa7f9c8df96b5373c12e5eb944b0f9fbe95281fa,2,PONS HOOKR
0xaaa59110ce43446c5326e56807fb1c4be207b13c,2,PONS HOOKR
0xab621ecbdff3d006ae6b7b66aed7f6e28fff4b8a,2,ORBIO HOOKR
0xabc22ae5e2f601da765c569e474aa3c9b28454d9,2,ORBIO HOOKR
0xac89e080b7aff490a6756fa320ebd55417415de8,2,PONS HOOKR
0xac8b3b0b76b7d3762d86a36887281d8eabbd91ce,2,PONS HOOKR
0xaceee74e4ad2b82a8b8cbcfcea19abef916e74e5,2,PONS HOOKR
0xad01c20d5886137e056775af56915de824c8fce5,3,ORBIO PONS HOOKR
0xad0b7abe75b0f7991b7080a1883e0f831f307395,2,PONS HOOKR
0xad16a1ebe5f5aa5dfc3f7c40635b6dd19899f435,3,ORBIO PONS HOOKR
0xad16e1803b70977c440cd974e1077d79c0d348bc,2,ORBIO HOOKR
0xad424f5426dbdbcfb6a3cccf556abc79353e5128,2,PONS HOOKR
0xad66810a7358ad499c611d50108d0e0a8733e913,2,PONS HOOKR
0xadc0825231dc37eceb7c6ccae904486476949401,2,PONS HOOKR
0xadc2be713551a8166b508eed791c66fead12bc52,3,ORBIO PONS HOOKR
0xadf72360e07ba2fa9e371b69857a3b083370f919,2,PONS HOOKR
0xaea8c6444a5e4efd738a6ec51f3d0ed0928c110b,2,ORBIO PONS
0xaeacd4462c7c74cfca8c551dfc1b21092a495170,2,ORBIO HOOKR
0xaf0f601e0063e2d19c1e34c567776fe08887fdfa,2,PONS HOOKR
0xaf9b245b0a1efc3e94eb7ed5d09a841649712390,2,PONS HOOKR
0xb0a637e073a037f95858d7dbea2aa4b7a6d17ad8,2,ORBIO HOOKR
0xb0f82754752d3a117c04bf5a055fdefbf98ec0f4,3,ORBIO PONS HOOKR
0xb15a654ebf31fc0a3a149c99dc4c1ea0f99a953f,2,PONS HOOKR
0xb1dcf33b6c81e79f76e2473fabd35cd944bf192a,2,PONS HOOKR
0xb24aae5505b33b266af75cbb5fc994d2329a5087,2,ORBIO HOOKR
0xb26a11872d84fb3e47829e364b374b66a904ce4f,2,PONS HOOKR
0xb2b49f85ef4bf4e49ae131e06a9c0c50f740e04a,2,ORBIO HOOKR
0xb325a46036a0d25f29b0ed17b8b236e67b866d78,2,PONS HOOKR
0xb4707e8405a8f4d3ca556d0c774adeefd35b0d7b,2,PONS HOOKR
0xb4f38819c144df38feef4192dcf2b80463fb5f77,2,ORBIO HOOKR
0xb6d9daabd5dbb55a3e946b5a49a04488cad945a3,2,PONS HOOKR
0xb7312dd8a98c24e5a047b0a2f7ac76f468ab0059,2,PONS HOOKR
0xb75e1af0c286111aefe3ef880840a54634980de6,2,PONS HOOKR
0xb7c44a3b893c82603003908317ee8d2e7519c08d,2,ORBIO PONS
0xb82a41c5cf18239ebe28f55572f4b530adfe9099,2,ORBIO HOOKR
0xb82d1ce5f233c24af249c05decf1fb4ba200bc0f,2,ORBIO PONS
0xb8595027b47844ca143853ee5c4f0499725e2439,2,ORBIO PONS
0xb8fa51533b2082fb99d361b9b25445bf6378ba9f,2,ORBIO PONS
0xb99bc3e1db08d40898f6f6cb17786a06141ca760,2,PONS HOOKR
0xbb0033395caf58f1b0429f4fee5bbac2515537fd,2,PONS HOOKR
0xbb08715a48cb4ebfce8a5ef0c0b0a5ab1648d5ea,2,PONS HOOKR
0xbb23c035c021110ac26ce0ff4715bbb4cf634c78,2,PONS HOOKR
0xbb4a7c9572284257c9e41aecbb96f9d542210c90,2,PONS HOOKR
0xbb9a31fa4875fe2fc905bb0598a583756dac80f7,2,ORBIO HOOKR
0xbc5584e409a3777114821998d4a43b53760a4655,2,ORBIO PONS
0xbd66c83f78c5db3c2eb3964e5ce2b99c72747329,2,ORBIO HOOKR
0xbdf74f11de13f95b22bc00249de89ff4d4089dac,2,PONS HOOKR
0xbe053615f67b836a4fded86076faf425b4c6a8f2,2,PONS HOOKR
0xbe6ef9631ba991df34c3d3186a8cd043d2348e08,2,ORBIO PONS
0xbef147e2404eaf8c5642b560abfdcefbfbb28f38,2,ORBIO PONS
0xbf3b71be4071e770eda3b0cf571ca086e3427fb7,2,ORBIO PONS
0xc06ebbefd94032b85424d51906e2a335efae264b,3,ORBIO PONS HOOKR
0xc19ba8403dea1a409a16c138b07a7e58b3afa83b,2,PONS HOOKR
0xc1f62eaabbb1374dfb0cb2c362154c5efb7524a7,2,ORBIO HOOKR
0xc21715596ec2ea551dbc7c9c549df103b3dd0d42,3,ORBIO PONS HOOKR
0xc25515fa26a3614c87e7ac944288d86efbe046bc,2,ORBIO HOOKR
0xc2606da7d8b750ffcd30f04aa47b9a7e26f9b35f,2,PONS HOOKR
0xc31bd8a6cfcaacec6f26f7120ddd81f680047195,2,ORBIO HOOKR
0xc3488384c4cbe1ee96d7e3e499f8dfefdc2cef65,3,ORBIO PONS HOOKR
0xc3732ad37bdd30d30e112f2f80a27189b631433e,3,ORBIO PONS HOOKR
0xc3ab4b977bdc07b12306a2f3328e2065345c109f,2,PONS HOOKR
0xc3b7d1c32f635843325d0db5001d0b8ddb945335,2,ORBIO PONS
0xc40579cde5675bf57a2253347e488d3c6fbdc81f,2,PONS HOOKR
0xc548f364715235944d9c414220131e00e880293c,2,PONS HOOKR
0xc58fc630819a4b12d51bf77a929cf8370b8720ee,2,PONS HOOKR
0xc5a7de94c814c666c7def8d97a19fe1afd7a3726,2,ORBIO PONS
0xc5bee7187669272ab18b2eaaeebb8986ab5466af,3,ORBIO PONS HOOKR
0xc5e6ea665e0b6f8dbd5a7923c53dd95756ec30b7,2,PONS HOOKR
0xc6a304cad64c1c6922fbf320eb93ebc4307b4321,2,PONS HOOKR
0xc74f7804b8646d6e7f1b7cd96e3e4d1d678f2abc,2,PONS HOOKR
0xc79ddef179790a30b3c3107afc83582a3c7bf7d7,2,PONS HOOKR
0xc7ce658ebff23eddc948a844b684d84942a16db2,2,PONS HOOKR
0xc830ca2cda4e888c63124fa4e2e9680fd459902b,2,ORBIO PONS
0xc89e0bd7e1ab592969bf687f53293c4d7bce3aac,2,ORBIO PONS
0xc8f5e193045808dbf190ac084cc1c72ae846a5d4,2,ORBIO PONS
0xc91804dd23612edc614c0f30e5de2f32dcde6b00,2,PONS HOOKR
0xc9a155fcbd61106b37e2e5b7598a6b4bed7c88db,2,ORBIO PONS
0xca396aa2e9c9dfd5b84ca3aa8ed1b6683c6a5153,2,ORBIO PONS
0xca7b2c2030f5fe87548ced9d2f643d282eda6723,2,PONS HOOKR
0xcb801f51d908dc4e4619b7041cea75b8fb507c2a,3,ORBIO PONS HOOKR
0xcd6b980029e6e6e0733ac8ec3e02be9410d09799,3,ORBIO PONS HOOKR
0xcd9ec8da5559763c7b08d33d833f210a4223439c,2,ORBIO PONS
0xcdea19e6d247619ed5fefe47b4992ea577ad2142,2,PONS HOOKR
0xce3cc25ec494842cc88c404b980cde1902056b1d,2,PONS HOOKR
0xcebc8ab3aa89f94c4288e9cfe5314de67e1da231,2,PONS HOOKR
0xcf27f0ffa12976014d9c5553626fae12c9ba3a63,2,ORBIO PONS
0xcf392f62151fe078a5c26c6fd7e6bc5f15d9735a,2,ORBIO HOOKR
0xd028babbdc15949aaa35587f95f9e96c7d49417d,2,PONS HOOKR
0xd08721739929408cc8962bc9bfe111c6e4710d33,2,PONS HOOKR
0xd0a67cb08be17475f4315a04c5f0be3e200ef66c,3,ORBIO PONS HOOKR
0xd16ec345ebd338bfcbfb8320fc3c080f4d8a2c20,2,ORBIO HOOKR
0xd1a47a0d7dfa313c8fa0cf29e587590c15178b60,2,PONS HOOKR
0xd1a6f18a1b16bafca4a4ca5fd7a2382699cb9e32,2,PONS HOOKR
0xd22498f06650d35c4ea9d2a8609ad8df20690254,2,PONS HOOKR
0xd22d16b60984c97ac00b47709734a43cf8171a7d,2,ORBIO PONS
0xd26a051cdd9c2c5fd4a6e490a7c7cf3b951d6bce,2,ORBIO PONS
0xd34d59682ee9e280fe2f9691c58f5e4ca04820ee,2,PONS HOOKR
0xd4e39ff79b5659a5eeda686e95081b389e3dff7b,2,PONS HOOKR
0xd4eca15c91bec4565bf8145f240e3e484874c17b,2,PONS HOOKR
0xd523aaca0da819f24f08bd93591c1a99cbcbb150,2,ORBIO PONS
0xd606fa1a4f29b2124de3c8be45785917a37516ef,2,PONS HOOKR
0xd65bedb7630be4948c29eab7de2060c22fa7c465,2,ORBIO HOOKR
0xd82945eeb7d742e5f570cc36bf6a857fcad45d3d,2,ORBIO HOOKR
0xd8bcca09aec29ab2573f6ba2fa0c519282b280bb,2,ORBIO PONS
0xd91887ad762a245ed7e722c065d1cb93640fb258,2,ORBIO HOOKR
0xdbb2253e73592236f127b23b0f5ef9f0da738675,3,ORBIO PONS HOOKR
0xdbccbf58a5bd585f392b3d44e7eae0f166f57d56,2,ORBIO HOOKR
0xdbdae15e4459187ae6134a296b524a1178e050c0,2,PONS HOOKR
0xdc17e2d36f400de5976bba7ad47c812f0f9ad9c8,2,PONS HOOKR
0xdd091739143ca168eb16671ae8d0a9d3ce7d4801,2,PONS HOOKR
0xdd1ab5a9174874dd31e450339116c2fc4bdc6754,2,PONS HOOKR
0xdd32193b016493f31e871634c0407ec138f06525,2,PONS HOOKR
0xde69b8793e7066f7f2d005ac8de6264865b4309d,2,PONS HOOKR
0xde7ddf5e24f54413741f99c4438622ae23297689,2,ORBIO PONS
0xde890e288a75c3d084e877dc655b499b1d9d0f26,2,PONS HOOKR
0xdef73d39e92934c6d1d66b8e4867c17d615f1497,2,PONS HOOKR
0xe098563faa02bdd2c4dcd099065a7d480efb04b6,2,ORBIO PONS
0xe189403cee73e03789828dec19cf237f55aabe30,2,ORBIO PONS
0xe206d7b738212264319bda47264cc79b4d227c24,2,PONS HOOKR
0xe2f8fc4d48208230ca93ef1298edcf0999bdfe57,3,ORBIO PONS HOOKR
0xe4cc25d547f5f97165a6271ecdeba03465fd3a82,2,PONS HOOKR
0xe4d150bcadbf92ba8645af458cb3dbf18fc68979,2,PONS HOOKR
0xe51b0301be1085fb87f2ac77723a3e311d3f0486,2,PONS HOOKR
0xe5239c5bcdb8e9bf55322dae843c72d46f60b66c,2,PONS HOOKR
0xe612ec28ea3b332ccc0b51950d8ff46e6ae99544,2,ORBIO PONS
0xe6630256dd340cbef9b900f1ae61769d967b4bde,2,ORBIO PONS
0xe72d570bcd1dc425d232c7d0bba2e9aaeac4b92c,2,ORBIO PONS
0xe7e3a682c23575bc869b0fe43fbb546c1fb71d28,2,PONS HOOKR
0xe8c1a7398e8fcc9b5f08b80b18b0fdb8cf809af9,2,ORBIO PONS
0xe96782874f82d9a43b6d13bb7861161c09221199,2,PONS HOOKR
0xe96a27a7c328db364fb9de0ac6e51cd02ed2e844,2,PONS HOOKR
0xea48721bb2acdeea7316e53ecf2baa4ed3d339e9,2,PONS HOOKR
0xeaa2573d394c311dfac88d7e89a4c81a55478c0c,2,ORBIO HOOKR
0xeb71f9bc3145a07c8718f2f2bf6c9a02dfff47bd,3,ORBIO PONS HOOKR
0xec9d6b52914dd1c4a3af8f8d46edfde7f60ea813,2,ORBIO PONS
0xed898209acc4ba06661a230a572cde170772a8ac,2,PONS HOOKR
0xed9f8f6b52b1971abe11997d21976653820550be,2,PONS HOOKR
0xedc6531b10297788cbb0fcfaee904a3803d3e2e4,2,PONS HOOKR
0xedd53a6a04c733c5663727197ea7ed161cfe99f8,2,PONS HOOKR
0xedf8d43cd841e2940c57fd89d57749a371c32238,2,ORBIO PONS
0xee3bd62fdab6336c2a3e3c0ba4da1514fc550cbe,2,ORBIO PONS
0xee924367213ae3764b57d5b9a6214c8188d34060,3,ORBIO PONS HOOKR
0xee92a5cce917da8d1552900def6d381bc0392ae7,2,PONS HOOKR
0xeeab8177f6b370957a769b7329a8cda104d8f204,2,PONS HOOKR
0xef2a1641aa35992ac87ac9f1e5703d916ae5062e,2,PONS HOOKR
0xefe1dccaf62ce63790af963c6bbf5a6e672e06d2,3,ORBIO PONS HOOKR
0xf0701cd6ae9c9d3e4b4ac0d79e03838bcf434db5,2,ORBIO PONS
0xf0768cc5e79a0fc9026cd7ef965a57032c1b813f,2,PONS HOOKR
0xf0f5c5d2b15fe01beac2a38af618ca2a805b46c8,2,ORBIO PONS
0xf154977eb88584660cb43467516126716938434a,2,PONS HOOKR
0xf17a53ecf29170ebd993d88b5ede2283a7c3a6d1,2,ORBIO PONS
0xf24367bd8b79eca17b3b5afdad98758e6c08f2c3,3,ORBIO PONS HOOKR
0xf4691d5e6f5bbf5565d8d25c28dcb8f2d91fa64a,2,ORBIO HOOKR
0xf594db313ecb03f4fe64fdd97f2180c3e16d9c66,3,ORBIO PONS HOOKR
0xf5c4f3dc02c3fb9279495a8fef7b0741da956157,3,ORBIO PONS HOOKR
0xf682c2d087caae1a7d5ae09bb802960aca496ad0,2,PONS HOOKR
0xf703fd64093b50797abdc9e450632240fa2ba5d4,3,ORBIO PONS HOOKR
0xf7b2586c13f2d8b26674162767115bab28fd2916,2,PONS HOOKR
0xf7f213836916a20665d841e10b751612a59bd517,2,ORBIO PONS
0xf8ebd999231915342cd24871814118429d4ab008,2,PONS HOOKR
0xf9193ec28e3bca91f66265e269c2913625293c9d,2,ORBIO HOOKR
0xf99583d39e0a967d45d7faf0b28235bf4623c268,3,ORBIO PONS HOOKR
0xfad4c8f1e71e4c56b87733bd916ff7cff46c6c29,3,ORBIO PONS HOOKR
0xfc4ff438dfbe215335a0ac4582ab6561e13de54d,2,ORBIO PONS
0xfc8116777b51d0e7360cdbbcb06e9399acda0029,2,PONS HOOKR
0xfca7642b53a22e5c7a7bd6ca6d60d8ac52817467,2,PONS HOOKR
0xfcf19c4aa0759598881defa3e589632064223b7b,3,ORBIO PONS HOOKR
0xfd1558c2261565f4cdb612c82164c2e69d3d2627,2,PONS HOOKR
0xfd92a66a52b1b1a598c956206ebcf56dde7717b4,2,ORBIO PONS
0xfdc234b9218e0ae3d798db3280d2f1154eda04e4,2,PONS HOOKR
0xfdda29659a48967ed8bec8278c150f1f83d6a30e,2,PONS HOOKR
0xfe9b9460c7bdabf91967ff08ea0e9cb9a06926fe,3,ORBIO PONS HOOKR
0xfeeac21c90b9291209f5f0fdc271aef3feef303d,3,ORBIO PONS HOOKR
0xffae7c915cb497aca2e0eea4000809e36197f082,2,PONS HOOKR
