run_utc,token_address,pair_address,age_days,price_usd,liquidity_usd,volume_24h_usd,txns_24h,market_cap_usd,peak_price_usd,drawdown_pct,filters_passed,pass,status
2026-10-10T08:48:00Z,33pLHZghh8fkh4R7zchNpYQRoJ3xkvZBcKr2HMtvqL4k,32yXHi22G5ZyTSbrYRb393eQuHSGEMLz83qfLM4yo1yC,0.58,0.001268,1256490,8968,275,1268719,0.001268,0.0,,,live
2026-10-10T08:48:00Z,3UuM9DsGWM9cDRirXhGKSZ22zsNfNTT3UTmxzB5Bpump,E8tJTS9UAGtWZT5iSnKdkLr3nH4iK7jH1SZjfQT79DDQ,0.82,1.967e-06,2005,233855,102658,1959,0.0007757,99.7,,,live
2026-10-10T08:48:00Z,4HQ7U4yHgrVmnpymjtWCWwtNqhpJLn6ZKiZFxotQuz2Y,5NKRakbx2jN27Q5Cwy2d5XyQMANuyw8uS9ri4bieNL8N,3.83,0.9042,512377,28,4,9042369249,1.00272,9.8,3,False,live
2026-10-10T08:48:00Z,5i61y1SuyGX2qTZ3mGeJLxQHopWNPw68MQ15RyiaLW6H,7ZFxeLkZPQ5Y6QDKsDPmmnjG2wCTt9ojXFU8aZJYpeuW,0.27,3.226e-05,41,413137,5428,32267,5.014e-05,35.7,,,dead
2026-10-10T08:48:00Z,6CPxYYQRv53UTfQ7ouR3Z7PQcGTm2SDXT4pkHV1sXNWg,CNhbbk8qRcBW2Y9jPUNcER4PzQ4hKF52mQDkXQmY11LG,0.27,3.178e-05,0,798172,5644,31787,3.178e-05,0.0,,,dead
2026-10-10T08:48:00Z,7CBG5doCitH88QYW9av1t4MhgBZEN1PeXEguXvh6pump,2jXevUVPv8snmNqkcGheKYkU33tH6TsjrnK5tm8dLgcb,0.58,2.146e-06,2187,142557,2832,2070,7.351e-05,97.1,,,live
2026-10-10T08:48:00Z,7bJtWn4S4GvKU8xApq1V5GgqtWcNCoPqdsPn9G3crgnU,79F7f7ynWD4ExXsnq9jsUhxCSsZiNh5SNFeXBwbyF2QT,0.83,0.001372,1358488,9773,300,1372438,0.001372,0.0,,,live
2026-10-10T08:48:00Z,7q5EzCuaTYdhJrjzttUcisDH4Uk7NNEtPGvorkKkpump,7RGMvPcURomfyBwW5DHQ7fiFMs4NQ2FucER3ef5iWrs9,0.41,2.425e-06,2546,850862,31032,2389,0.0002488,99.0,,,live
2026-10-10T08:48:00Z,9Ta6mHSoDrRC8TCR61wR95GGrucWxXAMJYQp7gRKtN1i,2vGAyfzWbFa1D7WpRqznr65nCtVABjRsACtTKmMUiJJK,0.62,7.104e-06,0,22922139,27763,7105,0.0001684,95.8,,,dead
2026-10-10T08:48:00Z,AEPBdj3RViMJKCHM1xiVaM1VNuP7VbZRSN68gu5xpump,FsqKUX5e67mgMuEGm35i1kku6asFgUno9Eh4g7hQ5Sqr,0.45,0.0001609,36869,1487051,22665,153034,0.0002108,23.7,,,live
2026-10-10T08:48:00Z,APWm2JK4f6MqjPrhsCoVWtiQzbj6Q9mpZDmmgzbPpump,CNYgCWT7brej4fzz7tDjwYDxiMsSKkMiNCN7oc8TgQvg,0.41,4.374e-06,3891,45223,1277,3967,9.923e-06,55.9,,,live
2026-10-10T08:48:00Z,AbYZnmP6FBnTDurh5nNHXEWEvAkUAEy65JvquyhuicHG,HBQByu75vuxasjxzswTA6NAL5UE1VFzYxu7ErQCmTksh,0.41,2.303e-05,2,68779,1417,23034,2.303e-05,0.0,,,dead
2026-10-10T08:48:00Z,Ch6wmweCKzAfPcxwQ7oUZNgUeSixUoULxYSvcWWspump,CxQhBQqBqduy7CeoVjsyMZ4cPivCzoyBuddYF4BEiKyL,0.27,2.257e-06,2371,189624,2753,2180,5.629e-05,96.0,,,live
2026-10-10T08:48:00Z,CxVrgScAB5aUBanKhQdBRyDmTwXdqsN1suDiC1HwFSyY,CzJHaj5tK4CYpLU7j4Fxfx12nPjBs97ohkBnLEVLiqN1,0.83,0.001372,1358488,9774,300,1372438,0.001372,0.0,,,live
2026-10-10T08:48:00Z,HTZsuhpkwZTz7DfnEruymJAEiEhzhrvjDGCeVVppump,AWq1kTmdYqmcacVfDn28UmGShE55YH3MaJjLgkGeT5r,0.58,0.1556,1096563,760891,44060,155661885,0.1556,0.0,,,live
2026-10-10T08:48:00Z,HXhKar6Q3Sf6ufagrUn6WBVkq241K37D8icRTihiaG54,ApN5tZsK5S8xhwSmXheoNqEj6QXoyXGu4Rz2YdYnnX6F,0.27,1.599e-05,0,741698,7040,15995,1.599e-05,0.0,,,dead
2026-10-10T08:48:00Z,HoLyRoDEQvK5zPsGpcz3BbCWhceTGhWAGnVifSoUShit,5rW6Ki6tvjuALE3nScdGHp4HKHMGQDoVXxgTocpQhMvE,1.08,0.0001433,33948,1242368,22496,134432,0.0002765,48.2,,,live
2026-10-10T08:48:00Z,J181nvebPKCSXwn59KBLrJoo1E3LwaCKcVFvFFTrqmXH,48mPtPsPerv87NNCiFgSVZeapbskwGqzJp4XwMz5zeFW,0.54,0.001317,0,31067968,52799,1317715,0.001317,0.0,,,dead
2026-10-10T08:48:00Z,KuZeYz33o9DgvxXDadf4fJMVBbSiAprrr6SviscQJvc,HaHT1ANgBH7BCzQ266JQLHnpfyVfiXCrTCaWuGQjfdzq,0.46,1.247e-06,0,10689554,20624,124750,1.247e-06,0.0,,,dead
2026-10-10T08:48:00Z,NTRNDMqQSiwEC2jJs3wJiZS6bpGYQJtMNQJgiX3WyV6,7r3ZPwVD966dZfZ5xifEQyAfME7xSTA5bbmztctQhDG3,0.86,3.573e-05,15731,983405,17335,34354,0.0002913,87.7,,,live
2026-10-10T08:48:00Z,ripsRNKEFLPkf7E8pLYcbxWcxDdgtNBDQgqKkEDCvnG,ARzhzEU1etsAArT1iX9t5zxNwYQMRhaYrvGuqxUMHCjH,0.63,6.51,113969,786653,5784,324774,14.69,55.7,,,live
2026-10-10T08:48:00Z,t7QAp8YeJaygFejHXpdu9epyws3Wx8L9fKZPYSKyjnN,GtL6DFVJeyFyRKrhNQvBHbXeeMQ5SrWM77HqihAhKgRh,0.41,1.996e-05,0,501700,4163,19970,1.996e-05,0.0,,,dead
2026-10-10T08:48:00Z,y1HaNufcK8A9HuEmRM8bpvrUfPW3fN9KydTXZtfH2nQ,7MVFJASa6dTBUJkcgtGN3zvcqr5DiNZah8puSdiJJeY4,0.83,0.001372,1358488,9773,300,1372439,0.001372,0.0,,,live
2026-10-10T08:48:00Z,2U53Gbj2PCzPFaNKky9H8qzJ9y5erW9vUHesi8nkKYrH,6yi6rxdSqWG3PX1gvmfDnLgmUsFU2XCeJ8FNud4R9EZu,0.14,0.0001801,98668,24610003,43555,180178,0.0001801,0.0,,,live
2026-10-10T08:48:00Z,E8D9jUxJAvBA7zNiNnktoiG6JzdBNxkTCWGWKSVX1gVA,GdXxbM3B3XvMnGizQ1SKjRf1NJFrRvCqJm8iN7Sngzaf,0.06,0.0001177,193956,9884412,11980,117737,0.0001177,0.0,,,live
2026-10-10T08:48:00Z,8TiMkgvsrat9tM2esko8zVTt99LZLpefUM4SnZaziXaQ,cb4GFRgEitfu5qtxfRMiqzsaVPwgbD3HEor4cs2jFpn,1.17,0.003142,189294,7515030,93640,2994391,0.00579719,45.8,,,live
2026-10-10T08:48:00Z,6Yg781spq8EkZSu2UbWxZd5KtAv1V4fTbSv2do5376Ju,DZTTL8kYt4bxj1YR5PRZ7BqCg7HgeGxALhxqswmggbeh,0.03,0.0001026,177185,7428736,8920,102681,0.0001026,0.0,,,live
