token_address,symbol,name,pair_address,dex,pool_created_utc,first_seen_utc,found_by,liquidity_at_discovery,tracked
HXhKar6Q3Sf6ufagrUn6WBVkq241K37D8icRTihiaG54,whitepaper,whitepaper,ApN5tZsK5S8xhwSmXheoNqEj6QXoyXGu4Rz2YdYnnX6F,pumpswap,2026-10-10T02:18:42Z,2026-10-10T02:20:06Z,new_pools,19281.5,True
HYcwNsYLuqt2zrzyTCeUeDtqNoFLsaLYQ3P1AugRosYc,Mousie,Mousie Supreme,8Ldq1uWKNEeUYhHiNYLaMNFSwhYQsAt8CXcccPMfRdyp,meteora-damm-v2,2026-10-10T02:16:14Z,2026-10-10T02:20:06Z,new_pools,0.0,False
5XnPmp4JvE3MSVt5ievuNTqNGxYAB8oPdgCr1TtgQzaK,whitepaper,whitepaper,8vcCPHhTjUi2B7KqKgT3DTSAQh9A8kzvLY823kY3Z5NC,meteora-damm-v2,2026-10-10T02:17:27Z,2026-10-10T02:20:06Z,new_pools,0.0,False
DBmwkwxn3BBie8MTwuBzTxbW9xaJo8BAusyFg4qYpump,MCH,MoonChacha,J7jXjp2fCLfo5AkSEW55hnDq6egCHgGPtZEsc2WgL5BY,pumpswap,2026-10-10T02:17:38Z,2026-10-10T02:20:06Z,new_pools,81.49,False
Ch6wmweCKzAfPcxwQ7oUZNgUeSixUoULxYSvcWWspump,Mousie,Mousie Supreme,CxQhBQqBqduy7CeoVjsyMZ4cPivCzoyBuddYF4BEiKyL,pumpswap,2026-10-10T02:17:38Z,2026-10-10T02:20:06Z,new_pools,19689.1,True
DqSVd9nxzztpfn5ounLQ8YfAacXowDVAi648g84QY2wZ,SI,SI UNIT,HBhF3i7x1FAhVP5a7rpN84C4rTquRAMCSTVugadNvCbg,stonkfun,2026-10-10T02:17:15Z,2026-10-10T02:20:06Z,new_pools,0.0,False
EX9Y89bC7MhzKrGrBWFRzmtmWzydxa2KNMr1A1g2yAop,whitepaper,whitepaper,BmzeSg5kWFZqNjqQ1pr7TA288qNaqghBLd9419UvNvu6,pumpswap,2026-10-10T02:17:58Z,2026-10-10T02:20:06Z,new_pools,0.0,False
5i61y1SuyGX2qTZ3mGeJLxQHopWNPw68MQ15RyiaLW6H,Mousie,Mousie Supreme,7ZFxeLkZPQ5Y6QDKsDPmmnjG2wCTt9ojXFU8aZJYpeuW,meteora-damm-v2,2026-10-10T02:18:07Z,2026-10-10T02:20:06Z,new_pools,43276.5,True
8NL8kQb7jyfT9CdjSEknq7XB5hrvwdcTsUZVfSm7pump,SIB,Super Intelligent Beauty,96BhfJMm9rVEQMFmh5AXttmZzhQcS4PHTYnibBGvaaPg,pumpswap,2026-10-10T02:16:48Z,2026-10-10T02:20:06Z,new_pools,0.0,False
6CPxYYQRv53UTfQ7ouR3Z7PQcGTm2SDXT4pkHV1sXNWg,SIB,Super Intelligent Beauty,CNhbbk8qRcBW2Y9jPUNcER4PzQ4hKF52mQDkXQmY11LG,pumpswap,2026-10-10T02:16:41Z,2026-10-10T02:20:06Z,new_pools,23950.4,True
C6PwW5rVo32hfoye81RScLdZXKN29gkSFEN1xfiXpump,save,,,pump-fun,2026-10-10T02:18:57Z,2026-10-10T02:20:06Z,new_pools,,False
4X4TETkU7Ne3zmTsSGfsQRhiMBm2ibWdEYoywCXzpump,Grok,,,pump-fun,2026-10-10T02:18:57Z,2026-10-10T02:20:06Z,new_pools,,False
2uy3KffhkurpXAkAsmFfxskjuUu5DMJa7b32Fyw1pump,MOLREA,,,pump-fun,2026-10-10T02:18:57Z,2026-10-10T02:20:06Z,new_pools,,False
3rWXyPkbdb9kE637fvejSw9jwFvRMCCexfeipBBhpump,Caller,,,pump-fun,2026-10-10T02:18:54Z,2026-10-10T02:20:06Z,new_pools,,False
9zTex5cnbVDbzgAu3sRATDBL5S6zkZ9sS8cATpojpump,SHOCK,,,pump-fun,2026-10-10T02:18:50Z,2026-10-10T02:20:06Z,new_pools,,False
FidTi3pDqQHEYZ1ym8Y2edu5XW1e8TkfvbrraA3Vpump,FM,,,pump-fun,2026-10-10T02:18:49Z,2026-10-10T02:20:06Z,new_pools,,False
GXVphwE7pXEhDodCMXVYsnyLbRYLFYcT2seQSskupump,SCHLONG,,,pump-fun,2026-10-10T02:18:47Z,2026-10-10T02:20:06Z,new_pools,,False
BuVcMBYhvrKswHLCE2pz3Ve89xZ1u6PYEFYbCugJpump,QI,,,pump-fun,2026-10-10T02:18:47Z,2026-10-10T02:20:06Z,new_pools,,False
CtJxVs5rKWYFvoe7uwQdGD3NzuMxRzqujP47JatSFjC3,SPACEHOOD,,,meteora-dbc,2026-10-10T02:18:47Z,2026-10-10T02:20:06Z,new_pools,,False
8EuRc9zWbnm3NsbStqv8ZM1RD9kSxvwchdcyYDs6pump,SIB,,,pump-fun,2026-10-10T02:18:45Z,2026-10-10T02:20:06Z,new_pools,,False
5Km989nYkvkpnPZiEEFafLYB8ibcGDHAahinP6C8pump,angel,,,pump-fun,2026-10-10T02:18:44Z,2026-10-10T02:20:06Z,new_pools,,False
AgviyvQdfm4b1FZeQJPj7N1B5FGQ5ZHs3k8cSxxhpump,HC,,,pump-fun,2026-10-10T02:18:41Z,2026-10-10T02:20:06Z,new_pools,,False
3ST56WdN1Zt28ALp4ehdauENwP6XChQh76cfWtH9pump,coin,,,pump-fun,2026-10-10T02:18:41Z,2026-10-10T02:20:06Z,new_pools,,False
6QbSrXQXLbLqJdbUoNMv1MxGXDNGeskJPVYVmkn2Z3A4,TEST,,,pump-fun,2026-10-10T02:18:40Z,2026-10-10T02:20:06Z,new_pools,,False
g7Se1UMenSQ8g97C1GC721UaKHNUdjgTsGVFHCkvNgb,PRISM,,,bags-fm,2026-10-10T02:18:39Z,2026-10-10T02:20:06Z,new_pools,,False
GfitqHfJhxroTpKuEFX2dqvNZJ67XWPYsvgZcqoSpump,OMIO,,,pump-fun,2026-10-10T02:18:39Z,2026-10-10T02:20:06Z,new_pools,,False
3vqFsqCebUmYLNrSk3c8SBgjqPhtpvGosRGQGYC6pump,SPIONI,,,pump-fun,2026-10-10T02:18:36Z,2026-10-10T02:20:06Z,new_pools,,False
AEHuUJhtYfs4XTciGNwS2u7wEUuL9qN6HSpRH1iopump,SIB,,,pump-fun,2026-10-10T02:18:35Z,2026-10-10T02:20:06Z,new_pools,,False
21SjxECgYNuL2bqt8Z4t5ENBadMuH7wxdiV1c67Spump,Caller,,,pump-fun,2026-10-10T02:18:35Z,2026-10-10T02:20:06Z,new_pools,,False
81DH24djCoKNHVQWFxsh7w2iKtR8LeJGrkcQFhCZpump,MCH,,,pump-fun,2026-10-10T02:18:30Z,2026-10-10T02:20:06Z,new_pools,,False
HQQNbUMmKfAez3xFoZJH6tPKfMv5hr1yJLfpSsGXpump,FOMO,,,pump-fun,2026-10-10T02:18:30Z,2026-10-10T02:20:06Z,new_pools,,False
6KdY2V8BQQ5nT3sHzgzqj3uZ3xfWJ2osb5vtTDaPpump,Jeanette,,,pump-fun,2026-10-10T02:17:47Z,2026-10-10T02:20:06Z,new_pools,,False
6vKDpN5oioASPoaXT8GsiJ56NgnnVkmpiDKC3Nmqpump,bye,,,pump-fun,2026-10-10T02:17:47Z,2026-10-10T02:20:06Z,new_pools,,False
4Q2kLtLVEnjSikQVJCpATtAWirSKcfgGSLrkVasCpump,100x,,,pump-fun,2026-10-10T02:17:44Z,2026-10-10T02:20:06Z,new_pools,,False
23ABXjf1A1WWX6AqQNV1TAXfoXQEXqWrRf8Q2xbDpump,MASKCAT,,,pump-fun,2026-10-10T02:17:37Z,2026-10-10T02:20:06Z,new_pools,,False
Aoc89REN6Jzdeo8gjM85xJKHnGYM1PpN8QmXdTrapump,NIGAPHIL,,,pump-fun,2026-10-10T02:17:36Z,2026-10-10T02:20:06Z,new_pools,,False
EZbnMbeYrvsAbBa5ESeEUazW2zxnTAjKKuTrAqtApump,FM,,,pump-fun,2026-10-10T02:17:35Z,2026-10-10T02:20:06Z,new_pools,,False
53w78QQdTCrAMbCvDrQ4npq2L4MhLjJtNW7MABnPmWJK,SIW,,,pump-fun,2026-10-10T02:17:35Z,2026-10-10T02:20:06Z,new_pools,,False
D5vhM5q7qHnpbbsSxRcvjqW2EqJHJfFonfhLzdaApump,angel,,,pump-fun,2026-10-10T02:17:33Z,2026-10-10T02:20:06Z,new_pools,,False
3MRJE6eq8K67FxajdcGyoeZau3CmK5d4N4fm519apump,DONTYSON,,,pump-fun,2026-10-10T02:17:30Z,2026-10-10T02:20:06Z,new_pools,,False
5JNuDD2txcce7FSj8y6RxN39e9Tq4q9p1MPwFk6ifjDz,QDS,,,pump-fun,2026-10-10T02:17:29Z,2026-10-10T02:20:06Z,new_pools,,False
tb4YVkJYATkXVaxqvSUM1hyNgDAAjHFiMdxKbYkpump,scissors,,,pump-fun,2026-10-10T02:17:24Z,2026-10-10T02:20:06Z,new_pools,,False
AHwzkiZkou4L7QbYd1d3sscxo7VPZ9VttFd1UHovpump,Mousie,,,pump-fun,2026-10-10T02:17:22Z,2026-10-10T02:20:06Z,new_pools,,False
EfAhs4GR2nGb8Gt71ddJfDETpug1sEuneP4U5hgapump,100x,,,pump-fun,2026-10-10T02:17:17Z,2026-10-10T02:20:06Z,new_pools,,False
BdWA1qkAU7JxEijisoX264JeS3K2VXbMCFN9uLkTpump,Shina ibu,,,pump-fun,2026-10-10T02:17:17Z,2026-10-10T02:20:06Z,new_pools,,False
DXiX2SvMqj1BAo8Lz7WE8JEE2Kx7u5SwrTUAQAy2pump,WTFBBQ,,,pump-fun,2026-10-10T02:17:17Z,2026-10-10T02:20:06Z,new_pools,,False
Gh9LrVF1MeKHnFCxKjVUdXdbX9rEWv4PKMMjUYTWpump,DICE,,,pump-fun,2026-10-10T02:17:15Z,2026-10-10T02:20:06Z,new_pools,,False
JBn7kQXRf5Cv4qNQUq4qAn5KmZ8aU61cuGcoUmK9vmkq,looooooong,,,pump-fun,2026-10-10T02:18:30Z,2026-10-10T02:20:06Z,new_pools,,False
8ajQNaDSQ9DLEAQ9kRmMWVfqvHntiBFzoN4fpWyApump,long,,,pump-fun,2026-10-10T02:18:27Z,2026-10-10T02:20:06Z,new_pools,,False
5vGuQhyHMZCH6CrU8GvX3XZAF3uR362stCHF2PrYpump,FM,,,pump-fun,2026-10-10T02:18:26Z,2026-10-10T02:20:06Z,new_pools,,False
2vNJoiJ9pNdrp8i7Sc89gGmzQNZnt9tH5G5hj62xpump,POOR,,,pump-fun,2026-10-10T02:18:26Z,2026-10-10T02:20:06Z,new_pools,,False
9KtrAVY1SfEtDMuXCKvVSMsKtR5YCrSQz3qvA4SVpump,QTBalksa,,,pump-fun,2026-10-10T02:18:24Z,2026-10-10T02:20:06Z,new_pools,,False
FR1SZdHm8SoJGJTrZaPc3E6NgvNV5w2MgF8yyPHxpump,Anarchist,,,pump-fun,2026-10-10T02:18:23Z,2026-10-10T02:20:06Z,new_pools,,False
6P5oDVD6ifpWHiMD7gzNEojXq8447HbRkWZcK3zrpump,HALH,,,pump-fun,2026-10-10T02:18:21Z,2026-10-10T02:20:06Z,new_pools,,False
J7mQsXr3UbtSNXjAgNBRCM7VwanvKuJbYonAGdnxpump,MI,,,pump-fun,2026-10-10T02:18:21Z,2026-10-10T02:20:06Z,new_pools,,False
29pxciJPFheQrhPcpwWXkpknYrD8aEHqUBP89ivDpump,WOTF,,,pump-fun,2026-10-10T02:18:20Z,2026-10-10T02:20:06Z,new_pools,,False
GKMvo6enLr1gCx9rCPuSGvjVHMLsyoqyNDnC2u22pump,angel,,,pump-fun,2026-10-10T02:18:18Z,2026-10-10T02:20:06Z,new_pools,,False
Gs4rcYwVRzLqVoTgncd9K68wvENammr7E62WfXyNpump,Chains,,,pump-fun,2026-10-10T02:18:17Z,2026-10-10T02:20:06Z,new_pools,,False
5hWQ9n5LvD1veEHyUag7KfJvj9P2XuhFDdNzJz1Wpump,GTA,,,pump-fun,2026-10-10T02:18:15Z,2026-10-10T02:20:06Z,new_pools,,False
CbPAoe9y4pbyv8HHuyyMXnSGSpkhdPVn8LbGqJC7pump,QBEAUTY,,,pump-fun,2026-10-10T02:18:15Z,2026-10-10T02:20:06Z,new_pools,,False
GWX9M6AymFSYeZve5CrK3wMqLrariWH6BS4o6tqc9eva,looooooong,,,pump-fun,2026-10-10T02:18:14Z,2026-10-10T02:20:06Z,new_pools,,False
8hF47Pt9BnvsAumxv77tBR9zvVAWPZvDNzVQAa8jhW1V,ewrfwrw,,,pump-fun,2026-10-10T02:18:14Z,2026-10-10T02:20:06Z,new_pools,,False
42rFwpK4jSGM6YPcvc1V79VvhzHfs8wzirmBqqcwpump,SHPROOF,,,pump-fun,2026-10-10T02:18:11Z,2026-10-10T02:20:06Z,new_pools,,False
CuW7EHMZY5heCcpsMyrdu8T8RTewguFcdqeQqAxSpump,looooooong,,,pump-fun,2026-10-10T02:18:03Z,2026-10-10T02:20:06Z,new_pools,,False
9brNbggW8RJ4GATKRq6JmkVNvWPgegJiwZ1FvXaDfYx5,HI,,,meteora-dbc,2026-10-10T02:17:57Z,2026-10-10T02:20:06Z,new_pools,,False
HvBxLSZ2ENjTBQXK4pQVRsgrpB7rCDeS192Mrt1bpump,blackpaper,,,pump-fun,2026-10-10T02:17:54Z,2026-10-10T02:20:06Z,new_pools,,False
6DyitgrXmCjUfsS4HNRxv8jnjZ753WK9adwBTFyv41bd,POOL,,,meteora-dbc,2026-10-10T02:17:53Z,2026-10-10T02:20:06Z,new_pools,,False
37WcXeFDUUWQ9pu4Yu193oagQkgYPHjHrRiTWZzipump,EVIL,,,pump-fun,2026-10-10T02:17:53Z,2026-10-10T02:20:06Z,new_pools,,False
87QD7dBtNMAxehUftKihLsZsMv2CSP4AwNd4nVTupump,HC,,,pump-fun,2026-10-10T02:17:11Z,2026-10-10T02:20:06Z,new_pools,,False
Gjgu14wUWC32FLXoe88Kt3jNqMirctQYHpsq1Cr6kYFT,TOMMIE,,,pump-fun,2026-10-10T02:17:10Z,2026-10-10T02:20:06Z,new_pools,,False
H5UmYWDwpSKos9sotePing2fWRNNBo2hR1rJAPifL6De,POOL,,,meteora-dbc,2026-10-10T02:17:09Z,2026-10-10T02:20:06Z,new_pools,,False
J3JQCVPQ1Wowq2A4JBo5tEs5dmoBEAr3ZHB29AzUpump,NO POWER,,,pump-fun,2026-10-10T02:17:08Z,2026-10-10T02:20:06Z,new_pools,,False
3c9HMYrpntavmxa62hB6cXBkMCEWWz7okdnLEdzupump,DIAL,,,pump-fun,2026-10-10T02:17:07Z,2026-10-10T02:20:06Z,new_pools,,False
4ZkMBnkgp3mKUPt3xqjEUsBSHXc5wVtLSf1Uxugupump,JOPI,,,pump-fun,2026-10-10T02:17:07Z,2026-10-10T02:20:06Z,new_pools,,False
GvXeHT43MxQCeEhozV9HsnzSoeuSPwTaDzNCPFQ1pump,SIC,,,pump-fun,2026-10-10T02:17:06Z,2026-10-10T02:20:06Z,new_pools,,False
9xndNYvA6wa5yRpi99nQx54DSQGG5fS3LXNEq8sopump,SSB,,,pump-fun,2026-10-10T02:17:01Z,2026-10-10T02:20:06Z,new_pools,,False
BnUyZv83upW46FiAHFk2Qe2U4hmCG41Q9bDQtPxEpump,FM,,,pump-fun,2026-10-10T02:17:00Z,2026-10-10T02:20:06Z,new_pools,,False
2iiA2JaJxm3ZK5NQpEk6LTjuuz3BtNfNw7FpmHSWpump,angel,,,pump-fun,2026-10-10T02:16:58Z,2026-10-10T02:20:06Z,new_pools,,False
BfovK9fkWSgV8wF3RybbDN77mPCWVxD5igHVNiAXpump,HAZEPAD,,,pump-fun,2026-10-10T02:16:54Z,2026-10-10T02:20:06Z,new_pools,,False
Hm3ZPivzpukghbGKq21HWUjMxhhRxKZPfqZNVYAZpump,RINA,,,pump-fun,2026-10-10T02:16:54Z,2026-10-10T02:20:06Z,new_pools,,False
6UcZAAaEK8pTn7NXam9JjNJkJUWomBuQad4SBE4Fpump,NOZXOR,,,pump-fun,2026-10-10T02:16:51Z,2026-10-10T02:20:06Z,new_pools,,False
3r4kHxYRpw6mSnQ3Jf1BBiLjowahrx1E2fx9N5Ycpump,Mouse,,,pump-fun,2026-10-10T02:16:51Z,2026-10-10T02:20:06Z,new_pools,,False
EWfPcykwreJ4hfmpVme9t3CHxyTzcnZu25mFjdQkyt2x,QDS,,,pump-fun,2026-10-10T02:16:51Z,2026-10-10T02:20:06Z,new_pools,,False
5qHNsybvzQEAEF9jKDvjwN2BJBXL7Exjja9BpUqLpump,100x,,,pump-fun,2026-10-10T02:16:50Z,2026-10-10T02:20:06Z,new_pools,,False
F7X1piKsAJuWxxxmTh7ehWsP8k1FHFExorUtJkJZpump,SOL,,,pump-fun,2026-10-10T02:16:50Z,2026-10-10T02:20:06Z,new_pools,,False
2XAwGFNNceCwVPCJTUN5H9qDrsrLhw1sp3cfwEP5pump,save,,,pump-fun,2026-10-10T02:16:48Z,2026-10-10T02:20:06Z,new_pools,,False
2x7sHKSofNHbJwUcaddxsjS4pAcsnXFN1jTZbdHQfQhV,MARKSPOT,,,pump-fun,2026-10-10T02:16:47Z,2026-10-10T02:20:06Z,new_pools,,False
7YnD5VaJXsxqmsNYMM9fcnQLJL23BFCcrEyYNka3pump,$NAPCAT,,,pump-fun,2026-10-10T02:16:40Z,2026-10-10T02:20:06Z,new_pools,,False
96opFgVc95ZQNmSgzuf8HbJUEtNankPVMT8v6aG3pump,GTA,,,pump-fun,2026-10-10T02:16:38Z,2026-10-10T02:20:06Z,new_pools,,False
9J7T9poG4Znwq1uP7qjrzJNzWqXTcHdzUohYfgezpump,ТОП,,,pump-fun,2026-10-10T02:16:37Z,2026-10-10T02:20:06Z,new_pools,,False
HuVHzcezHkeWsDP87sfTdjS4p74tweegUaqJoHd8pump,blackpaper,,,pump-fun,2026-10-10T02:16:37Z,2026-10-10T02:20:06Z,new_pools,,False
7p6fHXn6HfeHuy5WWm2BAiDizE4MSphajpQki92ZzwTD,Mousie,,,pump-fun,2026-10-10T02:16:07Z,2026-10-10T02:20:06Z,new_pools,,False
5zDHWTvLKVak1LnW89i7vZxoozmNu7iPgE3shuthpump,$CAT,,,pump-fun,2026-10-10T02:16:07Z,2026-10-10T02:20:06Z,new_pools,,False
5vGhaDxn4LXmmVPftdnQxkHPTcSV3zxSMtDmhJU3pump,CHIMP,,,pump-fun,2026-10-10T02:16:06Z,2026-10-10T02:20:06Z,new_pools,,False
DXtbFCuNbsizVgAH9s2p9RdiqkSLqNdJGSX6qArspump,SQ20,,,pump-fun,2026-10-10T02:16:02Z,2026-10-10T02:20:06Z,new_pools,,False
E6N4ZKQLQwaJzhkKaKngCCeFKdN8cwRjQxEToSVfpump,angel,,,pump-fun,2026-10-10T02:16:01Z,2026-10-10T02:20:06Z,new_pools,,False
214BQR56qraH3TjF344mZrUSX9bvvYwBf7fBtREapump,QI,,,pump-fun,2026-10-10T02:16:00Z,2026-10-10T02:20:06Z,new_pools,,False
bWeLLtA69Wxt4J9ArQKoEjQKYBuTgPd7Mt7Nk3Lt6KL,TARDIGRADE,,,meteora-dbc,2026-10-10T02:15:57Z,2026-10-10T02:20:06Z,new_pools,,False
7JyQwpy71sxR8U9wvC3gGHEznYxYPCLeQAXkreqQpump,Mousie,,,pump-fun,2026-10-10T02:15:56Z,2026-10-10T02:20:06Z,new_pools,,False
GHaqtFwYucdDRGqwC8ZnZonAMkdSdDJjT5k4PbWJpump,PRE,,,pump-fun,2026-10-10T02:15:56Z,2026-10-10T02:20:06Z,new_pools,,False
EGipjWSc1psKSVuv1Jxrd17SNV9J5yVDTzGixx1mpump,save,,,pump-fun,2026-10-10T02:15:55Z,2026-10-10T02:20:06Z,new_pools,,False
7hXP1QLtUKMR7QKwoUYYpZnwPmHqUPeie8K13U9Jpump,QN,,,pump-fun,2026-10-10T02:15:54Z,2026-10-10T02:20:06Z,new_pools,,False
BAwazVW4Y23ke3d3PXvv9swzWAYFt6zGZaiTEshypump,GEMI,,,pump-fun,2026-10-10T02:15:52Z,2026-10-10T02:20:06Z,new_pools,,False
8Qfbqr21oeHsuZhEBx2sb2L1FLaMbLmVYhFy79eQpump,BID,,,pump-fun,2026-10-10T02:15:51Z,2026-10-10T02:20:06Z,new_pools,,False
HTWsKSWF291mKMxjZi4hBQQctrDk8bpSBSCTZ1cUpump,SWIPE,,,pump-fun,2026-10-10T02:15:51Z,2026-10-10T02:20:06Z,new_pools,,False
ErGnpEh9k3f89FhE6riQe8C5zfWTFnTqWCU9jLUpump,Mousie,,,pump-fun,2026-10-10T02:15:50Z,2026-10-10T02:20:06Z,new_pools,,False
DGoDU2g17aVTVZWxaVATLV6UusAtRHxe86JpwYd8pump,SIB,,,pump-fun,2026-10-10T02:15:50Z,2026-10-10T02:20:06Z,new_pools,,False
8obq4WTot9mzrVVSaD83cxZpAN297BUS3pzyEb5PtNUu,PENPE,,,pump-fun,2026-10-10T02:15:47Z,2026-10-10T02:20:06Z,new_pools,,False
D4egVdsC5ZaxnVSjPdsMqADUNu4WujGyy71UPPb1pump,BLKPHIL,,,pump-fun,2026-10-10T02:15:46Z,2026-10-10T02:20:06Z,new_pools,,False
GcMZQa1a8SWixVjywx3H2UGg96orKhg2WVBdKhwZpump,SIB,,,pump-fun,2026-10-10T02:15:45Z,2026-10-10T02:20:06Z,new_pools,,False
AwLvew24M4u7ZfB6Yknu86MpTLKj8NaF24FPDvScpump,Mousie,,,pump-fun,2026-10-10T02:15:44Z,2026-10-10T02:20:06Z,new_pools,,False
